organization_code,region
2364,Region 1
2093,Region 1
2151,Region 1
2163,Region 1
2201,Region 1
2148,Region 1
2279,Region 1
2342,Region 1
2233,Region 1
2106,Region 1
2118,Region 1
2164,Region 1
2361,Region 1
2352,Region 1
2167,Region 1
2206,Region 1
2197,Region 1
2199,Region 1
2350,Region 1
2119,Region 1
2110,Region 1
2134,Region 1
2083,Region 1
2114,Region 1
2243,Region 1
2295,Region 1
2160,Region 1
2281,Region 1
2253,Region 1
2189,Region 1
2325,Region 1
2285,Region 1
2198,Region 1
2290,Region 1
2083,Region 1
2082,Region 1
2255,Region 1
2186,Region 1
2177,Region 1
2258,Region 1
2103,Region 1
2141,Region 1
2200,Region 1
2152,Region 1
2061,Region 2
2231,Region 2
2178,Region 2
2138,Region 2
2236,Region 2
2263,Region 2
2070,Region 2
2101,Region 2
2156,Region 2
2338,Region 2
2348,Region 2
2205,Region 2
2269,Region 2
2268,Region 2
2207,Region 2
2074,Region 2
2097,Region 2
2284,Region 2
2302,Region 2
2272,Region 2
2276,Region 2
2107,Region 2
2072,Region 2
2332,Region 2
2283,Region 2
2145,Region 2
2096,Region 2
2235,Region 2
2084,Region 2
2194,Region 2
2238,Region 2
2065,Region 2
2286,Region 2
2078,Region 2
2069,Region 2
2245,Region 2
2265,Region 2
2190,Region 2
2132,Region 2
2237,Region 2
2239,Region 2
2244,Region 2
2328,Region 2
2314,Region 2
2339,Region 2
2347,Region 2
2362,Region 2
2368,Region 2
2060,Region 2
2312,Region 2
2175,Region 2
2257,Region 2
2248,Region 2
2188,Region 2
2246,Region 2
2077,Region 2
2256,Region 2
2241,Region 2
2179,Region 2
2155,Region 3
2319,Region 3
2324,Region 3
2095,Region 3
2137,Region 3
2066,Region 3
2126,Region 3
2125,Region 3
2259,Region 3
2085,Region 3
2267,Region 3
2064,Region 3
2181,Region 3
2182,Region 3
2228,Region 3
2277,Region 3
2146,Region 3
2158,Region 3
2166,Region 3
2176,Region 3
2162,Region 3
2260,Region 3
2274,Region 3
2298,Region 3
2301,Region 3
2311,Region 3
2318,Region 3
2320,Region 3
2322,Region 3
2327,Region 3
2334,Region 3
2335,Region 3
2337,Region 3
2355,Region 3
2357,Region 3
2099,Region 3
2203,Region 3
2204,Region 3
2208,Region 3
2209,Region 3
2230,Region 3
2234,Region 3
2240,Region 3
2249,Region 3
2251,Region 3
2254,Region 3
2262,Region 3
2275,Region 3
2287,Region 3
2288,Region 3
2291,Region 3
2292,Region 3
2294,Region 3
2297,Region 3
2299,Region 3
2300,Region 3
2307,Region 3
2315,Region 3
2323,Region 3
2326,Region 3
2329,Region 3
2330,Region 3
2354,Region 3
2358,Region 3
2270,Region 3
2282,Region 3
2076,Transformation Network
2093,Transformation Network
2094,Transformation Network
2091,Transformation Network
2089,Transformation Network
2115,Transformation Network
2117,Transformation Network
2121,Transformation Network
2123,Transformation Network
2128,Transformation Network
2144,Transformation Network
2149,Transformation Network
2150,Transformation Network
2152,Transformation Network
2153,Transformation Network
2224,Transformation Network
2289,Transformation Network
2062,Region 3
2067,Region 1
2068,Region 2
2071,Region 3
2073,Region 3
2079,Region 3
2080,Region 2
2081,Region 1
2086,Region 1
2087,Transformation Network
2090,Region 3
2092,Charter
2098,Region 2
2100,Region 1
2102,Region 2
2104,Region 3
2105,Transformation Network
2108,Region 3
2109,Region 2
2111,Region 3
2112,Region 3
2113,Region 1
2116,Region 2
2120,Region 3
2122,Region 3
2124,Region 2
2127,Region 3
2129,Transformation Network
2130,Region 2
2131,Region 3
2133,Region 1
2135,Region 2
2136,Region 3
2139,Region 2
2140,Region 1
2142,Region 1
2143,Region 1
2147,Region 1
2154,Region 3
2157,Region 2
2159,Region 1
2161,Region 1
2165,Region 3
2168,Region 2
2169,Region 3
2170,Region 1
2171,Region 1
2172,Region 1
2173,Region 1
2174,Region 1
2180,Region 2
2183,Region 3
2184,Region 1
2185,Region 2
2187,Region 3
2191,Transformation Network
2192,Region 2
2193,Region 2
2195,Region 3
2196,Transformation Network
2202,Region 1
2210,Region 3
2211,Transformation Network
2212,Transformation Network
2213,Region 1
2214,Region 2
2215,Region 2
2216,Region 2
2217,Transformation Network
2218,Region 1
2219,Region 1
2220,Transformation Network
2221,Region 2
2222,Region 1
2223,Region 1
2225,Region 1
2226,Transformation Network
2232,Region 2
2242,Region 3
2247,Region 2
2250,Region 3
2252,Region 1
2261,Region 2
2264,Region 2
2266,Region 2
2271,Region 1
2273,Region 2
2278,Region 2
2280,Region 3
2293,Region 3
2296,Region 3
2303,Region 2
2304,Region 2
2305,Region 3
2306,Region 1
2308,Region 2
2309,Region 2
2310,Region 1
2313,Region 3
2316,Region 2
2317,Region 2
2321,Region 1
2331,Region 1
2333,Region 2
2336,Region 1
2341,Region 1
2343,Region 3
2344,Region 3
2345,Region 2
2346,Region 3
2349,Region 2
2353,Region 3
2356,Region 2
2359,Region 1
2360,Region 2
2363,Charter
2367,Transformation Network
2369,Transformation Network
2501,Region 3
2607,Region 1
2615,Charter
2616,Charter
2619,Region 1
2621,Charter
2625,Charter
2626,Charter
2716,Charter
2777,Alternative
2911,Alternative
2912,Alternative
2913,Alternative
2916,Alternative
2917,Alternative
2927,Alternative
2928,Alternative
2932,Alternative
2933,Alternative
2935,Alternative
2965,Alternative
